[{"id":1,"username":"admin","password":"123456","nickname":"千锋教育","identity":"超级管理员","gender":"男","age":18,"createTime":1622087544072,"updateTime":1622289180926,"cart":[{"goods_id":62,"title":"康贝方 冬季宝宝棉裤婴幼儿可开裆外穿棉裤 #5530","img_big_logo":"https://image1.suning.cn/uimg/b2c/newcatentries/0070076668-000000000827327060_2_800x800.jpg","img_small_logo":"https://image1.suning.cn/uimg/b2c/newcatentries/0070076668-000000000827327060_2_200x200.jpg","price":"49.00","current_price":"49.00","is_select":false,"goods_number":94,"is_sale":false,"sale_type":"100%","is_hot":false,"cart_number":3,"category":"童装玩具"}]},{"id":2,"username":"guoxiang","password":"gx123456","nickname":"前端小灰狼","identity":"二阶段讲师","gender":"男","age":18,"createTime":1622087544072,"updateTime":1622087544072,"cart":[]},{"id":3,"username":"zhangyuning","password":"zyn123456","nickname":"贫嘴张大民","identity":"二阶段讲师","gender":"男","age":59,"createTime":1622087544072,"updateTime":1622087544072,"cart":[]},{"id":4,"username":"yanghuaizhi","password":"yhz123456","nickname":"公羊无衣","identity":"二阶段讲师","gender":"男","age":19,"createTime":1622087544072,"updateTime":1622087544072,"cart":[]},{"id":5,"username":"liyingli","password":"lyl123456","nickname":"码小花","identity":"一阶段讲师","gender":"女","age":20,"createTime":1622087544072,"updateTime":1622087544072,"cart":[]},{"id":6,"username":"liyong","password":"ly123456","nickname":"铁牛哥哥","identity":"一阶段讲师","gender":"女","age":17,"createTime":1622087544072,"updateTime":1622532756548,"cart":[]},{"id":7,"username":"lurongtao","password":"lrt123456","nickname":"古艺散人","identity":"三阶段讲师","gender":"男","age":18,"createTime":1622087544072,"updateTime":1622087544072,"cart":[]},{"id":8,"username":"wuyanzu","password":"123456","nickname":"小可爱","identity":"学生","gender":"","age":"","createTime":1625563534422,"updateTime":1625563534422,"cart":[]},{"id":9,"username":"wuyanzu2","password":"123456","nickname":"xiaozuzu","identity":"学生","gender":"","age":"","createTime":1625725219635,"updateTime":1625725219635,"cart":[]},{"id":10,"username":"wuyanzu3","password":"123456","nickname":"xiaozuzu","identity":"学生","gender":"","age":"","createTime":1625725405476,"updateTime":1625725405476,"cart":[]},{"id":11,"username":"wuyanzu4","password":"123456","nickname":"xiaozuzu","identity":"学生","gender":"","age":"","createTime":1625726696543,"updateTime":1625726696543,"cart":[]},{"id":12,"username":"wuyanzu5","password":"123456","nickname":"xiaozuzu","identity":"学生","gender":"","age":"","createTime":1625726749443,"updateTime":1625726749443,"cart":[]},{"id":13,"username":"wuyanzu9","password":"888888","nickname":"xiaozuzu999","identity":"学生","gender":"","age":"","createTime":1625728015435,"updateTime":1625728015435,"cart":[]},{"id":14,"username":"wuyanzu99","password":"123456","nickname":"xiaozuzu","identity":"学生","gender":"","age":"","createTime":1625792414446,"updateTime":1625792414446,"cart":[]},{"id":15,"username":"pengyuyan","password":"123456","nickname":"xiaozuzu","identity":"学生","gender":"","age":"","createTime":1627020910303,"updateTime":1627020910303,"cart":[{"goods_id":62,"title":"康贝方 冬季宝宝棉裤婴幼儿可开裆外穿棉裤 #5530","img_big_logo":"https://image1.suning.cn/uimg/b2c/newcatentries/0070076668-000000000827327060_2_800x800.jpg","img_small_logo":"https://image1.suning.cn/uimg/b2c/newcatentries/0070076668-000000000827327060_2_200x200.jpg","price":"49.00","current_price":"49.00","is_select":false,"goods_number":94,"is_sale":false,"sale_type":"100%","is_hot":false,"cart_number":4,"category":"童装玩具"},{"goods_id":63,"title":"2017冬季新款童装保暖外套男女宝宝卡通珊瑚绒毛毛衣婴幼儿加厚外套","img_big_logo":"https://image2.suning.cn/uimg/b2c/newcatentries/0070098911-000000000826167011_2_800x800.jpg","img_small_logo":"https://image2.suning.cn/uimg/b2c/newcatentries/0070098911-000000000826167011_2_200x200.jpg","price":"39.00","current_price":"39.00","is_select":false,"goods_number":54,"is_sale":false,"sale_type":"100%","is_hot":true,"cart_number":1,"category":"童装玩具"},{"goods_id":64,"title":"儿童羽绒服套装小童1-2-3岁男女宝宝加厚保暖婴幼儿冬装两件套","img_big_logo":"https://image2.suning.cn/uimg/b2c/newcatentries/0070143384-000000000652691333_2_800x800.jpg","img_small_logo":"https://image2.suning.cn/uimg/b2c/newcatentries/0070143384-000000000652691333_2_200x200.jpg","price":"79.00","current_price":"63.20","is_select":false,"goods_number":29,"is_sale":true,"sale_type":"80%","is_hot":false,"cart_number":1,"category":"童装玩具"},{"goods_id":65,"title":"宝宝袖套秋冬短款婴儿套袖可爱卡通儿童护袖毛绒小孩袖头幼儿男女","img_big_logo":"https://image1.suning.cn/uimg/b2c/newcatentries/0070154142-000000000806113578_2_800x800.jpg","img_small_logo":"https://image1.suning.cn/uimg/b2c/newcatentries/0070154142-000000000806113578_2_200x200.jpg","price":"19.00","current_price":"19.00","is_select":false,"goods_number":48,"is_sale":false,"sale_type":"100%","is_hot":false,"cart_number":1,"category":"童装玩具"},{"goods_id":78,"title":"保暖雨鞋女士中筒水鞋固定加绒防滑女式雨靴短筒胶鞋水靴套鞋F\\555400014241","img_big_logo":"https://image5.suning.cn/uimg/b2c/newcatentries/0070173768-000000000723530583_2_800x800.jpg","img_small_logo":"https://image5.suning.cn/uimg/b2c/newcatentries/0070173768-000000000723530583_2_200x200.jpg","price":"45.00","current_price":"45.00","is_select":false,"goods_number":33,"is_sale":false,"sale_type":"100%","is_hot":false,"cart_number":2,"category":"童装玩具"}]},{"id":16,"username":"pengyuyan2","password":"123456","nickname":"xiaozuzu","identity":"学生","gender":"","age":"","createTime":1627020930554,"updateTime":1627020930554,"cart":[{"goods_id":62,"title":"康贝方 冬季宝宝棉裤婴幼儿可开裆外穿棉裤 #5530","img_big_logo":"https://image1.suning.cn/uimg/b2c/newcatentries/0070076668-000000000827327060_2_800x800.jpg","img_small_logo":"https://image1.suning.cn/uimg/b2c/newcatentries/0070076668-000000000827327060_2_200x200.jpg","price":"49.00","current_price":"49.00","is_select":false,"goods_number":94,"is_sale":false,"sale_type":"100%","is_hot":false,"cart_number":1,"category":"童装玩具"}]},{"id":17,"username":"pengyuyan3","password":"123456","nickname":"xiaozuzu","identity":"学生","gender":"","age":"","createTime":1627024737072,"updateTime":1627024737072,"cart":[]},{"id":18,"username":"pengyuyan4","password":"123456","nickname":"xiaozuzu","identity":"学生","gender":"","age":"","createTime":1627024788447,"updateTime":1627024788447,"cart":[]},{"id":19,"username":"2222222222","password":"123123","nickname":"3","identity":"学生","gender":"","age":"","createTime":1629788905825,"updateTime":1629788905825,"cart":[]},{"id":20,"username":"wuyanzu1","password":"123456","nickname":"小祖祖","identity":"学生","gender":"","age":"","createTime":1629789012028,"updateTime":1629789012028,"cart":[]},{"id":21,"username":"liuxiaohu","password":"123456","nickname":"小虎","identity":"学生","gender":"","age":"","createTime":1629789115115,"updateTime":1629789115115,"cart":[]},{"id":22,"username":"liuxiaohu2","password":"123456","nickname":"小虎","identity":"学生","gender":"","age":"","createTime":1629789827328,"updateTime":1629789827328,"cart":[]},{"id":23,"username":"liuxiaohu3","password":"123456","nickname":"小虎","identity":"学生","gender":"","age":"","createTime":1629789857505,"updateTime":1629789857505,"cart":[]},{"id":24,"username":"liuxiaohu4","password":"123456","nickname":"小虎","identity":"学生","gender":"","age":"","createTime":1629789880465,"updateTime":1629789880465,"cart":[]},{"id":25,"username":"liuxiaohu5","password":"123456","nickname":"小虎","identity":"学生","gender":"","age":"","createTime":1629790336376,"updateTime":1629790336376,"cart":[]},{"id":26,"username":"liuxiaohu6","password":"123456","nickname":"小虎","identity":"学生","gender":"","age":"","createTime":1629790464397,"updateTime":1629790464397,"cart":[]},{"id":27,"username":"liuxiaohu7","password":"123456","nickname":"小虎","identity":"学生","gender":"","age":"","createTime":1629790534789,"updateTime":1629790534789,"cart":[]},{"id":28,"username":"liuxiaohu8","password":"123456","nickname":"小虎","identity":"学生","gender":"","age":"","createTime":1629791022571,"updateTime":1629791022571,"cart":[]},{"id":29,"username":"liuxiaohu9","password":"123456","nickname":"小虎","identity":"学生","gender":"","age":"","createTime":1629791125134,"updateTime":1629791125134,"cart":[]},{"id":30,"username":"liuxiaohu10","password":"123456","nickname":"小虎","identity":"学生","gender":"","age":"","createTime":1629863560188,"updateTime":1629863560188,"cart":[]},{"id":31,"username":"leilei","password":"123456","nickname":"蕾蕾","identity":"学生","gender":"","age":"","createTime":1629872671863,"updateTime":1629872671863,"cart":[]},{"id":32,"username":"leilei2","password":"123456","nickname":"蕾蕾","identity":"学生","gender":"","age":"","createTime":1630029102124,"updateTime":1630029102124,"cart":[]},{"id":33,"username":"leilei3","password":"123456","nickname":"蕾蕾","identity":"学生","gender":"","age":"","createTime":1630373436412,"updateTime":1630373436412,"cart":[]},{"id":34,"username":"huaizhi","password":"123456abc","nickname":"zhigege","identity":"学生","gender":"","age":"","createTime":1651149298814,"updateTime":1651149298814,"cart":[]},{"id":35,"username":"abc123","password":"abc123","nickname":"123456","identity":"学生","gender":"","age":"","createTime":1651149944130,"updateTime":1651149944130,"cart":[]},{"id":36,"username":"xiaohuilang","password":"123456abc","nickname":"guoxiang","identity":"学生","gender":"","age":"","createTime":1651150131983,"updateTime":1651150131983,"cart":[]},{"id":37,"username":"abc1234","password":"abc123","nickname":"hahahaabc","identity":"学生","gender":"","age":"","createTime":1651150279588,"updateTime":1651150279588,"cart":[]},{"id":38,"username":"huaizhi123","password":"123456abc","nickname":"公羊无衣","identity":"学生","gender":"","age":"","createTime":1651493950808,"updateTime":1651493950808,"cart":[]}]