{
  "id": "",
  "name": "",
  "font_family": "iconfont",
  "css_prefix_text": "icon-",
  "description": "",
  "glyphs": [
    {
      "icon_id": "577364",
      "name": "首页",
      "font_class": "shouye",
      "unicode": "e751",
      "unicode_decimal": 59217
    },
    {
      "icon_id": "630128",
      "name": "照相机",
      "font_class": "zhaoxiangji",
      "unicode": "e663",
      "unicode_decimal": 58979
    },
    {
      "icon_id": "2076190",
      "name": "搜索",
      "font_class": "sousuo",
      "unicode": "e86e",
      "unicode_decimal": 59502
    },
    {
      "icon_id": "2076271",
      "name": "退出",
      "font_class": "tuichu",
      "unicode": "e892",
      "unicode_decimal": 59538
    },
    {
      "icon_id": "2076312",
      "name": " 我的",
      "font_class": "wode",
      "unicode": "e8a0",
      "unicode_decimal": 59552
    }
  ]
}
